1,55,2014-05-30 02:33:49,Praesent id massa id nisl venenatis lacinia. Aenean sit amet justo. Morbi ut odio.,
2,432,2014-05-14 02:42:18,"Vestibulum quam sapien, varius ut, blandit non, interdum in, ante. Vestibulum ante ipsum primis in faucibus orci luctus et ultrices posuere cubilia Curae; Duis faucibus accumsan odio.",
3,314,2014-05-24 23:39:34,Nullam molestie nibh in lectus. Pellentesque at nulla. Suspendisse potenti.,
4,27,2014-02-18 11:36:37,Pellentesque viverra pede ac diam.,
5,300,2014-02-15 02:48:48,Integer ac leo. Pellentesque ultrices mattis odio.,
6,498,2014-03-29 18:32:13,Praesent lectus.,
7,473,2014-05-28 08:07:37,"Quisque erat eros, viverra eget, congue eget, semper rutrum, nulla. Nunc purus.",
8,90,2014-01-04 08:15:21,"Morbi porttitor lorem id ligula. Suspendisse ornare consequat lectus. In est risus, auctor sed, tristique in, tempus sit amet, sem.",
9,500,2014-03-16 07:35:07,In sagittis dui vel nisl. Duis ac nibh.,
10,220,2014-03-22 07:52:45,Curabitur at ipsum ac tellus semper interdum.,
11,432,2014-01-21 03:52:26,In congue.,
12,229,2014-05-03 07:34:50,Vestibulum ac est lacinia nisi venenatis tristique.,
13,231,2014-02-01 19:34:11,"In tempor, turpis nec euismod scelerisque, quam turpis adipiscing lorem, vitae mattis nibh ligula nec sem.",
14,123,2014-04-09 10:09:21,Nulla suscipit ligula in lacus.,
15,89,2014-03-28 03:41:08,Donec dapibus. Duis at velit eu est congue elementum. In hac habitasse platea dictumst.,
16,418,2014-05-22 05:12:50,Praesent blandit.,
17,249,2014-04-26 01:52:13,Maecenas pulvinar lobortis est. Phasellus sit amet erat. Nulla tempus.,
18,76,2014-04-08 11:31:19,"Morbi vestibulum, velit id pretium iaculis, diam erat fermentum justo, nec condimentum neque sapien placerat ante.",
19,30,2014-05-04 17:26:50,Mauris ullamcorper purus sit amet nulla.,
20,439,2014-01-06 23:21:18,"Duis ac nibh. Fusce lacus purus, aliquet at, feugiat non, pretium quis, lectus. Suspendisse potenti.",
21,430,2014-01-08 10:24:55,"Suspendisse ornare consequat lectus. In est risus, auctor sed, tristique in, tempus sit amet, sem.",
22,121,2014-04-23 12:07:44,Integer a nibh.,
23,131,2014-04-26 22:45:15,"Maecenas rhoncus aliquam lacus. Morbi quis tortor id nulla ultrices aliquet. Maecenas leo odio, condimentum id, luctus nec, molestie sed, justo.",
24,174,2014-04-19 00:23:19,Vestibulum rutrum rutrum neque. Aenean auctor gravida sem.,
25,452,2014-02-23 07:48:02,Pellentesque ultrices mattis odio.,
26,275,2014-03-01 19:55:38,Proin risus. Praesent lectus.,
27,355,2014-01-14 14:50:36,In quis justo. Maecenas rhoncus aliquam lacus.,
28,280,2014-03-11 06:29:47,Etiam vel augue. Vestibulum rutrum rutrum neque.,
29,422,2014-02-27 02:09:50,Nullam porttitor lacus at turpis.,
30,335,2014-05-23 07:40:27,Duis mattis egestas metus. Aenean fermentum.,
31,168,2014-05-01 00:04:38,Praesent lectus.,
32,401,2014-03-02 14:49:24,Vestibulum rutrum rutrum neque.,
33,141,2014-04-04 23:48:26,Suspendisse potenti. Nullam porttitor lacus at turpis. Donec posuere metus vitae ipsum.,
34,377,2014-03-12 20:46:31,"Curabitur in libero ut massa volutpat convallis. Morbi odio odio, elementum eu, interdum eu, tincidunt in, leo. Maecenas pulvinar lobortis est.",
35,402,2014-04-09 21:40:46,"Fusce posuere felis sed lacus. Morbi sem mauris, laoreet ut, rhoncus aliquet, pulvinar sed, nisl.",
36,5,2014-02-18 05:09:28,Nulla facilisi. Cras non velit nec nisi vulputate nonummy. Maecenas tincidunt lacus at velit.,
37,443,2014-05-15 22:04:27,In hac habitasse platea dictumst.,
38,455,2014-01-10 13:36:47,Suspendisse accumsan tortor quis turpis.,
39,2,2014-03-26 20:06:05,Nulla tellus. In sagittis dui vel nisl. Duis ac nibh.,
40,61,2014-04-15 07:55:18,"Donec ut mauris eget massa tempor convallis. Nulla neque libero, convallis eget, eleifend luctus, ultricies eu, nibh.",
41,486,2014-04-03 23:07:54,"Integer non velit. Donec diam neque, vestibulum eget, vulputate ut, ultrices vel, augue.",
42,353,2014-03-23 20:27:07,Vestibulum rutrum rutrum neque.,
43,140,2014-05-30 06:41:52,Maecenas tincidunt lacus at velit. Vivamus vel nulla eget eros elementum pellentesque. Quisque porta volutpat erat.,
44,401,2014-01-19 17:07:16,Nam dui.,
45,433,2014-03-17 18:51:42,"Mauris ullamcorper purus sit amet nulla. Quisque arcu libero, rutrum ac, lobortis vel, dapibus at, diam. Nam tristique tortor eu pede.",
46,349,2014-05-28 08:16:31,Phasellus sit amet erat. Nulla tempus.,
47,29,2014-01-04 15:00:35,Ut at dolor quis odio consequat varius.,
48,452,2014-04-01 09:04:08,Maecenas ut massa quis augue luctus tincidunt. Nulla mollis molestie lorem. Quisque ut erat.,
49,164,2014-04-05 12:15:40,"Nam congue, risus semper porta volutpat, quam pede lobortis ligula, sit amet eleifend pede libero quis orci. Nullam molestie nibh in lectus.",
50,435,2014-05-24 07:14:45,Curabitur at ipsum ac tellus semper interdum.,
51,70,2014-03-25 06:05:40,"Nulla neque libero, convallis eget, eleifend luctus, ultricies eu, nibh. Quisque id justo sit amet sapien dignissim vestibulum. Vestibulum ante ipsum primis in faucibus orci luctus et ultrices posuere cubilia Curae; Nulla dapibus dolor vel est.",
52,303,2014-03-08 13:30:55,Nulla facilisi. Cras non velit nec nisi vulputate nonummy. Maecenas tincidunt lacus at velit.,
53,406,2014-03-31 17:12:44,Curabitur convallis. Duis consequat dui nec nisi volutpat eleifend. Donec ut dolor.,
54,440,2014-05-17 09:49:37,Vestibulum ante ipsum primis in faucibus orci luctus et ultrices posuere cubilia Curae; Mauris viverra diam vitae quam. Suspendisse potenti. Nullam porttitor lacus at turpis.,
55,403,2014-02-26 10:12:01,Suspendisse potenti. Cras in purus eu magna vulputate luctus.,
56,411,2014-01-23 12:49:36,Phasellus in felis. Donec semper sapien a libero. Nam dui.,
57,108,2014-05-13 22:25:26,"Proin at turpis a pede posuere nonummy. Integer non velit. Donec diam neque, vestibulum eget, vulputate ut, ultrices vel, augue.",
58,423,2014-01-31 05:53:05,Morbi non quam nec dui luctus rutrum. Nulla tellus.,
59,202,2014-04-15 07:04:29,"Nam ultrices, libero non mattis pulvinar, nulla pede ullamcorper augue, a suscipit nulla elit ac nulla.",
60,232,2014-02-10 17:48:41,"Donec quis orci eget orci vehicula condimentum. Curabitur in libero ut massa volutpat convallis. Morbi odio odio, elementum eu, interdum eu, tincidunt in, leo.",
61,423,2014-04-03 22:50:12,Vestibulum ante ipsum primis in faucibus orci luctus et ultrices posuere cubilia Curae; Duis faucibus accumsan odio.,
62,183,2014-03-07 01:47:04,"Maecenas leo odio, condimentum id, luctus nec, molestie sed, justo. Pellentesque viverra pede ac diam. Cras pellentesque volutpat dui.",
63,372,2014-05-26 20:47:55,Curabitur gravida nisi at nibh. In hac habitasse platea dictumst.,
64,271,2014-03-08 13:47:46,"In blandit ultrices enim. Lorem ipsum dolor sit amet, consectetuer adipiscing elit.",
65,263,2014-01-26 18:48:47,"Cras mi pede, malesuada in, imperdiet et, commodo vulputate, justo. In blandit ultrices enim.",
66,195,2014-01-02 10:37:49,In congue. Etiam justo. Etiam pretium iaculis justo.,
67,276,2014-04-12 13:10:22,Nulla ut erat id mauris vulputate elementum.,
68,83,2014-01-24 20:42:24,Nunc rhoncus dui vel sem. Sed sagittis.,
69,92,2014-01-14 04:33:02,"Aliquam augue quam, sollicitudin vitae, consectetuer eget, rutrum at, lorem.",
70,333,2014-05-20 15:08:48,"Maecenas tristique, est et tempus semper, est quam pharetra magna, ac consequat metus sapien ut nunc. Vestibulum ante ipsum primis in faucibus orci luctus et ultrices posuere cubilia Curae; Mauris viverra diam vitae quam. Suspendisse potenti.",
71,487,2014-02-01 15:19:59,Duis consequat dui nec nisi volutpat eleifend.,
72,80,2014-05-26 00:52:18,Suspendisse potenti.,
73,291,2014-05-23 08:26:00,Sed sagittis.,
74,497,2014-03-15 19:29:41,Donec semper sapien a libero. Nam dui.,
75,218,2014-03-05 17:16:15,"Integer pede justo, lacinia eget, tincidunt eget, tempus vel, pede. Morbi porttitor lorem id ligula.",
76,493,2014-05-01 22:12:21,"Donec odio justo, sollicitudin ut, suscipit a, feugiat et, eros.",
77,184,2014-02-12 11:25:27,Sed vel enim sit amet nunc viverra dapibus. Nulla suscipit ligula in lacus. Curabitur at ipsum ac tellus semper interdum.,
78,405,2014-04-23 20:30:10,Nunc rhoncus dui vel sem.,
79,226,2014-03-27 22:21:04,"Sed sagittis. Nam congue, risus semper porta volutpat, quam pede lobortis ligula, sit amet eleifend pede libero quis orci.",
80,194,2014-04-26 22:59:38,Phasellus sit amet erat. Nulla tempus.,
81,328,2014-02-25 20:18:26,Cras in purus eu magna vulputate luctus.,
82,281,2014-03-26 17:56:32,Vestibulum sed magna at nunc commodo placerat. Praesent blandit.,
83,408,2014-04-19 03:19:57,"Vestibulum quam sapien, varius ut, blandit non, interdum in, ante. Vestibulum ante ipsum primis in faucibus orci luctus et ultrices posuere cubilia Curae; Duis faucibus accumsan odio.",
84,255,2014-03-03 22:16:56,Maecenas tincidunt lacus at velit. Vivamus vel nulla eget eros elementum pellentesque.,
85,119,2014-03-18 06:14:51,"Nulla ac enim. In tempor, turpis nec euismod scelerisque, quam turpis adipiscing lorem, vitae mattis nibh ligula nec sem.",
86,106,2014-03-07 15:03:19,"Maecenas leo odio, condimentum id, luctus nec, molestie sed, justo. Pellentesque viverra pede ac diam. Cras pellentesque volutpat dui.",
87,116,2014-04-18 23:50:24,"Cras mi pede, malesuada in, imperdiet et, commodo vulputate, justo.",
88,68,2014-02-09 08:53:14,Aenean lectus. Pellentesque eget nunc. Donec quis orci eget orci vehicula condimentum.,
89,113,2014-04-23 15:27:09,"Nullam orci pede, venenatis non, sodales sed, tincidunt eu, felis. Fusce posuere felis sed lacus.",
90,78,2014-04-26 22:30:25,"Integer non velit. Donec diam neque, vestibulum eget, vulputate ut, ultrices vel, augue.",
91,247,2014-05-15 11:04:16,Sed accumsan felis. Ut at dolor quis odio consequat varius.,
92,15,2014-05-31 13:57:45,Aenean fermentum.,
93,362,2014-04-09 03:05:57,Donec dapibus. Duis at velit eu est congue elementum.,
94,140,2014-03-10 21:18:58,Aenean lectus. Pellentesque eget nunc.,
95,372,2014-01-30 14:21:54,Integer ac neque. Duis bibendum. Morbi non quam nec dui luctus rutrum.,
96,431,2014-05-22 12:22:41,"Nam dui. Proin leo odio, porttitor id, consequat in, consequat ut, nulla.",
97,382,2014-04-19 14:25:15,Vestibulum rutrum rutrum neque.,
98,227,2014-02-16 15:28:45,Nulla suscipit ligula in lacus. Curabitur at ipsum ac tellus semper interdum. Mauris ullamcorper purus sit amet nulla.,
99,439,2014-05-22 00:07:28,Nunc purus. Phasellus in felis.,
100,280,2014-04-29 03:54:44,Phasellus sit amet erat. Nulla tempus. Vivamus in felis eu sapien cursus vestibulum.,
101,458,2014-02-08 20:53:28,Cras non velit nec nisi vulputate nonummy. Maecenas tincidunt lacus at velit.,
102,137,2014-03-29 23:00:07,"Morbi ut odio. Cras mi pede, malesuada in, imperdiet et, commodo vulputate, justo. In blandit ultrices enim.",
103,349,2014-01-23 14:14:16,Donec ut mauris eget massa tempor convallis.,
104,458,2014-01-26 22:57:31,Suspendisse potenti. Nullam porttitor lacus at turpis.,
105,289,2014-05-31 07:09:01,Vestibulum sed magna at nunc commodo placerat.,
106,273,2014-01-19 14:40:24,"Lorem ipsum dolor sit amet, consectetuer adipiscing elit.",
107,489,2014-02-08 06:41:15,Vivamus vel nulla eget eros elementum pellentesque. Quisque porta volutpat erat.,
108,355,2014-02-18 12:15:14,Ut at dolor quis odio consequat varius. Integer ac leo.,
109,241,2014-01-13 18:31:29,"Donec odio justo, sollicitudin ut, suscipit a, feugiat et, eros.",
110,327,2014-01-29 00:28:28,Proin interdum mauris non ligula pellentesque ultrices.,
111,474,2014-01-06 02:20:55,In quis justo.,
112,369,2014-05-14 08:48:47,In hac habitasse platea dictumst.,
113,500,2014-02-10 22:01:11,"Integer aliquet, massa id lobortis convallis, tortor risus dapibus augue, vel accumsan tellus nisi eu orci. Mauris lacinia sapien quis libero. Nullam sit amet turpis elementum ligula vehicula consequat.",
114,75,2014-05-15 22:44:16,"Nam congue, risus semper porta volutpat, quam pede lobortis ligula, sit amet eleifend pede libero quis orci.",
115,86,2014-02-09 23:12:16,Pellentesque at nulla. Suspendisse potenti. Cras in purus eu magna vulputate luctus.,
116,350,2014-02-03 01:43:14,Morbi ut odio.,
117,191,2014-03-16 03:48:53,Nulla nisl.,
118,318,2014-02-05 10:56:23,Curabitur at ipsum ac tellus semper interdum. Mauris ullamcorper purus sit amet nulla.,
119,120,2014-01-08 16:48:10,"Maecenas leo odio, condimentum id, luctus nec, molestie sed, justo. Pellentesque viverra pede ac diam. Cras pellentesque volutpat dui.",
120,377,2014-03-20 22:15:52,Morbi porttitor lorem id ligula.,
121,452,2014-01-09 04:31:04,Nulla nisl. Nunc nisl.,
122,124,2014-01-10 23:11:07,"Nam ultrices, libero non mattis pulvinar, nulla pede ullamcorper augue, a suscipit nulla elit ac nulla. Sed vel enim sit amet nunc viverra dapibus. Nulla suscipit ligula in lacus.",
123,487,2014-02-21 04:52:33,In quis justo.,
124,236,2014-03-28 10:48:59,Suspendisse potenti. Cras in purus eu magna vulputate luctus.,
125,465,2014-05-10 21:50:20,Aenean fermentum. Donec ut mauris eget massa tempor convallis.,
126,203,2014-01-19 16:15:08,Phasellus sit amet erat.,
127,232,2014-01-18 16:52:15,"Vivamus metus arcu, adipiscing molestie, hendrerit at, vulputate vitae, nisl.",
128,223,2014-05-08 23:25:39,In sagittis dui vel nisl. Duis ac nibh.,
129,117,2014-01-29 20:07:22,Phasellus sit amet erat. Nulla tempus. Vivamus in felis eu sapien cursus vestibulum.,
130,253,2014-05-05 14:13:26,Sed accumsan felis. Ut at dolor quis odio consequat varius. Integer ac leo.,
131,296,2014-01-27 00:59:16,Nullam porttitor lacus at turpis.,
132,310,2014-04-19 12:17:39,Nunc rhoncus dui vel sem.,
133,462,2014-03-18 10:26:36,"Vestibulum ac est lacinia nisi venenatis tristique. Fusce congue, diam id ornare imperdiet, sapien urna pretium nisl, ut volutpat sapien arcu sed augue.",
134,164,2014-05-05 15:13:17,"Morbi odio odio, elementum eu, interdum eu, tincidunt in, leo. Maecenas pulvinar lobortis est. Phasellus sit amet erat.",
135,65,2014-01-13 18:24:20,Vivamus in felis eu sapien cursus vestibulum. Proin eu mi.,
136,78,2014-01-21 07:56:19,"In tempor, turpis nec euismod scelerisque, quam turpis adipiscing lorem, vitae mattis nibh ligula nec sem.",
137,135,2014-04-02 11:12:57,"Sed sagittis. Nam congue, risus semper porta volutpat, quam pede lobortis ligula, sit amet eleifend pede libero quis orci.",
138,285,2014-04-15 01:22:54,Nulla tempus. Vivamus in felis eu sapien cursus vestibulum.,
139,209,2014-04-22 20:14:59,Etiam pretium iaculis justo. In hac habitasse platea dictumst.,
140,3,2014-03-09 08:26:38,"Morbi non lectus. Aliquam sit amet diam in magna bibendum imperdiet. Nullam orci pede, venenatis non, sodales sed, tincidunt eu, felis.",
141,445,2014-01-26 16:40:33,"In est risus, auctor sed, tristique in, tempus sit amet, sem. Fusce consequat. Nulla nisl.",
142,3,2014-02-18 12:27:41,Proin interdum mauris non ligula pellentesque ultrices.,
143,194,2014-05-29 18:05:07,Nulla ut erat id mauris vulputate elementum. Nullam varius.,
144,262,2014-02-24 14:29:26,Vivamus vel nulla eget eros elementum pellentesque.,
145,443,2014-04-30 11:01:50,"Nam congue, risus semper porta volutpat, quam pede lobortis ligula, sit amet eleifend pede libero quis orci. Nullam molestie nibh in lectus.",
146,157,2014-05-09 12:39:06,"Fusce posuere felis sed lacus. Morbi sem mauris, laoreet ut, rhoncus aliquet, pulvinar sed, nisl. Nunc rhoncus dui vel sem.",
147,104,2014-05-01 02:05:11,Mauris sit amet eros. Suspendisse accumsan tortor quis turpis.,
148,450,2014-04-15 17:53:07,Mauris sit amet eros.,
149,258,2014-05-24 04:11:43,Aliquam sit amet diam in magna bibendum imperdiet.,
150,149,2014-01-28 09:35:27,"Morbi ut odio. Cras mi pede, malesuada in, imperdiet et, commodo vulputate, justo. In blandit ultrices enim.",
151,172,2014-03-17 03:54:16,"Nam congue, risus semper porta volutpat, quam pede lobortis ligula, sit amet eleifend pede libero quis orci.",
152,327,2014-04-11 18:33:18,"Quisque arcu libero, rutrum ac, lobortis vel, dapibus at, diam. Nam tristique tortor eu pede.",
153,356,2014-03-07 20:39:25,Phasellus in felis.,
154,105,2014-03-20 00:50:26,Morbi non quam nec dui luctus rutrum.,
155,479,2014-02-07 00:49:36,"Morbi vestibulum, velit id pretium iaculis, diam erat fermentum justo, nec condimentum neque sapien placerat ante.",
156,114,2014-02-11 15:38:38,Donec semper sapien a libero.,
157,477,2014-05-14 08:06:47,Vivamus in felis eu sapien cursus vestibulum. Proin eu mi. Nulla ac enim.,
158,156,2014-02-19 23:04:33,Nulla tellus. In sagittis dui vel nisl. Duis ac nibh.,
159,397,2014-01-20 16:40:39,"Donec ut mauris eget massa tempor convallis. Nulla neque libero, convallis eget, eleifend luctus, ultricies eu, nibh.",
160,382,2014-02-15 04:35:07,Cras non velit nec nisi vulputate nonummy. Maecenas tincidunt lacus at velit. Vivamus vel nulla eget eros elementum pellentesque.,
161,394,2014-03-22 02:03:10,Integer tincidunt ante vel ipsum. Praesent blandit lacinia erat. Vestibulum sed magna at nunc commodo placerat.,
162,121,2014-05-21 04:55:13,"Curabitur in libero ut massa volutpat convallis. Morbi odio odio, elementum eu, interdum eu, tincidunt in, leo.",
163,142,2014-03-08 00:34:54,Integer a nibh.,
164,341,2014-03-21 10:19:46,"Morbi vestibulum, velit id pretium iaculis, diam erat fermentum justo, nec condimentum neque sapien placerat ante. Nulla justo. Aliquam quis turpis eget elit sodales scelerisque.",
165,99,2014-01-18 19:53:11,"Maecenas leo odio, condimentum id, luctus nec, molestie sed, justo. Pellentesque viverra pede ac diam. Cras pellentesque volutpat dui.",
166,105,2014-05-31 20:06:16,In sagittis dui vel nisl.,
167,60,2014-01-29 04:02:12,"Nulla neque libero, convallis eget, eleifend luctus, ultricies eu, nibh.",
168,105,2014-01-26 21:30:16,Cras pellentesque volutpat dui.,
169,348,2014-05-13 09:48:01,Nam dui.,
170,226,2014-02-03 20:00:25,"In est risus, auctor sed, tristique in, tempus sit amet, sem.",
171,369,2014-02-01 03:07:31,Donec posuere metus vitae ipsum. Aliquam non mauris.,
172,447,2014-03-19 05:54:56,Duis at velit eu est congue elementum. In hac habitasse platea dictumst.,
173,83,2014-01-15 04:33:28,Cras non velit nec nisi vulputate nonummy.,
174,486,2014-04-15 02:37:47,Integer tincidunt ante vel ipsum. Praesent blandit lacinia erat.,
175,479,2014-02-13 09:03:28,"Duis ac nibh. Fusce lacus purus, aliquet at, feugiat non, pretium quis, lectus. Suspendisse potenti.",
176,356,2014-04-01 15:38:59,"In est risus, auctor sed, tristique in, tempus sit amet, sem.",
177,179,2014-04-10 09:53:02,Vestibulum ante ipsum primis in faucibus orci luctus et ultrices posuere cubilia Curae; Mauris viverra diam vitae quam. Suspendisse potenti. Nullam porttitor lacus at turpis.,
178,482,2014-01-15 04:23:44,"Vivamus metus arcu, adipiscing molestie, hendrerit at, vulputate vitae, nisl. Aenean lectus.",
179,224,2014-02-24 00:34:33,In hac habitasse platea dictumst.,
180,121,2014-03-09 19:56:15,Ut at dolor quis odio consequat varius. Integer ac leo. Pellentesque ultrices mattis odio.,
181,395,2014-02-28 22:06:32,Mauris lacinia sapien quis libero. Nullam sit amet turpis elementum ligula vehicula consequat.,
182,51,2014-02-23 02:21:00,"Vestibulum ante ipsum primis in faucibus orci luctus et ultrices posuere cubilia Curae; Donec pharetra, magna vestibulum aliquet ultrices, erat tortor sollicitudin mi, sit amet lobortis sapien sapien non mi. Integer ac neque.",
183,191,2014-01-22 04:01:00,Suspendisse accumsan tortor quis turpis. Sed ante. Vivamus tortor.,
184,375,2014-02-01 21:01:44,Nulla suscipit ligula in lacus. Curabitur at ipsum ac tellus semper interdum.,
185,405,2014-02-27 06:48:40,"Integer pede justo, lacinia eget, tincidunt eget, tempus vel, pede. Morbi porttitor lorem id ligula. Suspendisse ornare consequat lectus.",
186,134,2014-05-01 16:47:46,"Pellentesque ultrices mattis odio. Donec vitae nisi. Nam ultrices, libero non mattis pulvinar, nulla pede ullamcorper augue, a suscipit nulla elit ac nulla.",
187,470,2014-02-21 14:03:21,"Nullam orci pede, venenatis non, sodales sed, tincidunt eu, felis.",
188,396,2014-05-02 20:45:08,Sed vel enim sit amet nunc viverra dapibus. Nulla suscipit ligula in lacus.,
189,460,2014-01-28 23:00:15,Vestibulum sed magna at nunc commodo placerat.,
190,64,2014-04-14 23:33:28,"Vivamus vestibulum sagittis sapien. Cum sociis natoque penatibus et magnis dis parturient montes, nascetur ridiculus mus. Etiam vel augue.",
191,417,2014-01-11 02:36:11,"Nam nulla. Integer pede justo, lacinia eget, tincidunt eget, tempus vel, pede.",
192,423,2014-03-29 17:02:31,Vivamus tortor. Duis mattis egestas metus. Aenean fermentum.,
193,43,2014-05-11 05:35:09,"Suspendisse potenti. Cras in purus eu magna vulputate luctus. Cum sociis natoque penatibus et magnis dis parturient montes, nascetur ridiculus mus.",
194,350,2014-03-20 09:11:33,"Aliquam augue quam, sollicitudin vitae, consectetuer eget, rutrum at, lorem. Integer tincidunt ante vel ipsum. Praesent blandit lacinia erat.",
195,158,2014-04-18 23:19:26,"Praesent blandit. Nam nulla. Integer pede justo, lacinia eget, tincidunt eget, tempus vel, pede.",
196,174,2014-05-16 10:50:44,Nullam porttitor lacus at turpis. Donec posuere metus vitae ipsum.,
197,321,2014-03-21 02:00:51,In quis justo. Maecenas rhoncus aliquam lacus.,
198,288,2014-01-02 03:17:21,In hac habitasse platea dictumst.,
199,310,2014-05-02 03:17:36,"Suspendisse ornare consequat lectus. In est risus, auctor sed, tristique in, tempus sit amet, sem.",
200,5,2014-02-21 21:38:06,Praesent lectus.,
201,180,2014-01-13 10:57:14,Ut at dolor quis odio consequat varius.,
202,309,2014-05-15 15:19:22,In eleifend quam a odio. In hac habitasse platea dictumst. Maecenas ut massa quis augue luctus tincidunt.,
203,48,2014-04-17 01:04:29,Donec posuere metus vitae ipsum.,
204,350,2014-03-16 16:22:33,Ut at dolor quis odio consequat varius.,
205,68,2014-04-15 01:14:01,"Vestibulum ac est lacinia nisi venenatis tristique. Fusce congue, diam id ornare imperdiet, sapien urna pretium nisl, ut volutpat sapien arcu sed augue. Aliquam erat volutpat.",
206,233,2014-03-04 09:42:47,Proin risus. Praesent lectus.,
207,37,2014-02-28 16:01:46,"Mauris enim leo, rhoncus sed, vestibulum sit amet, cursus id, turpis.",
208,151,2014-04-20 23:20:44,Integer ac leo. Pellentesque ultrices mattis odio. Donec vitae nisi.,
209,198,2014-05-02 05:57:47,Nullam sit amet turpis elementum ligula vehicula consequat. Morbi a ipsum. Integer a nibh.,
210,324,2014-03-08 00:46:17,Proin eu mi. Nulla ac enim.,
211,427,2014-03-02 17:42:10,Curabitur gravida nisi at nibh. In hac habitasse platea dictumst.,
212,343,2014-01-27 13:17:55,"In est risus, auctor sed, tristique in, tempus sit amet, sem. Fusce consequat.",
213,442,2014-03-05 19:59:49,Duis aliquam convallis nunc. Proin at turpis a pede posuere nonummy.,
214,242,2014-01-23 07:40:32,"Mauris enim leo, rhoncus sed, vestibulum sit amet, cursus id, turpis. Integer aliquet, massa id lobortis convallis, tortor risus dapibus augue, vel accumsan tellus nisi eu orci.",
215,306,2014-02-05 21:28:57,"Aliquam sit amet diam in magna bibendum imperdiet. Nullam orci pede, venenatis non, sodales sed, tincidunt eu, felis.",
216,55,2014-03-19 20:05:56,Nullam porttitor lacus at turpis. Donec posuere metus vitae ipsum. Aliquam non mauris.,
217,289,2014-03-01 10:17:48,Praesent lectus.,
218,326,2014-05-22 08:26:20,Fusce consequat.,
219,196,2014-01-14 20:08:24,"Quisque arcu libero, rutrum ac, lobortis vel, dapibus at, diam.",
220,183,2014-02-15 04:00:33,In hac habitasse platea dictumst.,
221,459,2014-04-22 04:54:15,"Cras mi pede, malesuada in, imperdiet et, commodo vulputate, justo. In blandit ultrices enim. Lorem ipsum dolor sit amet, consectetuer adipiscing elit.",
222,91,2014-03-12 13:43:29,Mauris sit amet eros. Suspendisse accumsan tortor quis turpis. Sed ante.,
223,158,2014-05-14 20:04:11,Donec semper sapien a libero.,
224,304,2014-05-29 17:11:30,Vestibulum ante ipsum primis in faucibus orci luctus et ultrices posuere cubilia Curae; Mauris viverra diam vitae quam. Suspendisse potenti. Nullam porttitor lacus at turpis.,
225,43,2014-02-24 16:05:04,"Donec vitae nisi. Nam ultrices, libero non mattis pulvinar, nulla pede ullamcorper augue, a suscipit nulla elit ac nulla.",
226,145,2014-05-05 12:56:10,Sed ante. Vivamus tortor. Duis mattis egestas metus.,
227,280,2014-05-04 12:02:33,Vestibulum sed magna at nunc commodo placerat. Praesent blandit. Nam nulla.,
228,178,2014-05-01 00:45:06,Sed ante. Vivamus tortor. Duis mattis egestas metus.,
229,239,2014-03-07 03:30:51,"Nam nulla. Integer pede justo, lacinia eget, tincidunt eget, tempus vel, pede. Morbi porttitor lorem id ligula.",
230,27,2014-05-31 02:30:44,Cras non velit nec nisi vulputate nonummy. Maecenas tincidunt lacus at velit.,
231,236,2014-05-06 20:54:32,"Fusce lacus purus, aliquet at, feugiat non, pretium quis, lectus. Suspendisse potenti.",
232,218,2014-02-13 17:40:35,Pellentesque eget nunc. Donec quis orci eget orci vehicula condimentum.,
233,297,2014-01-26 19:48:04,Sed accumsan felis.,
234,366,2014-02-01 09:25:26,Duis at velit eu est congue elementum.,
235,388,2014-04-28 18:15:19,Morbi a ipsum.,
236,368,2014-05-13 20:18:43,"Vivamus metus arcu, adipiscing molestie, hendrerit at, vulputate vitae, nisl.",
237,393,2014-04-04 01:21:07,Praesent id massa id nisl venenatis lacinia. Aenean sit amet justo.,
238,232,2014-04-02 12:56:23,"Vivamus metus arcu, adipiscing molestie, hendrerit at, vulputate vitae, nisl.",
239,19,2014-04-08 06:31:48,"Phasellus id sapien in sapien iaculis congue. Vivamus metus arcu, adipiscing molestie, hendrerit at, vulputate vitae, nisl.",
240,129,2014-04-30 03:32:51,Donec dapibus. Duis at velit eu est congue elementum. In hac habitasse platea dictumst.,
241,238,2014-01-12 06:40:41,"In sagittis dui vel nisl. Duis ac nibh. Fusce lacus purus, aliquet at, feugiat non, pretium quis, lectus.",
242,83,2014-05-03 18:46:32,In hac habitasse platea dictumst. Etiam faucibus cursus urna.,
243,209,2014-05-27 20:24:29,Donec ut dolor. Morbi vel lectus in quam fringilla rhoncus.,
244,110,2014-02-25 13:23:49,Nullam porttitor lacus at turpis.,
245,256,2014-03-02 11:06:31,Nullam sit amet turpis elementum ligula vehicula consequat.,
246,17,2014-04-01 19:46:58,"Aliquam augue quam, sollicitudin vitae, consectetuer eget, rutrum at, lorem. Integer tincidunt ante vel ipsum.",
247,108,2014-04-03 17:11:45,Maecenas tincidunt lacus at velit. Vivamus vel nulla eget eros elementum pellentesque.,
248,12,2014-02-25 05:52:19,"Donec diam neque, vestibulum eget, vulputate ut, ultrices vel, augue. Vestibulum ante ipsum primis in faucibus orci luctus et ultrices posuere cubilia Curae; Donec pharetra, magna vestibulum aliquet ultrices, erat tortor sollicitudin mi, sit amet lobortis sapien sapien non mi. Integer ac neque.",
249,401,2014-03-05 01:22:19,In quis justo.,
250,452,2014-04-28 04:03:44,Aenean auctor gravida sem. Praesent id massa id nisl venenatis lacinia. Aenean sit amet justo.,
251,302,2014-03-29 18:08:47,Proin at turpis a pede posuere nonummy.,
252,333,2014-01-03 05:23:27,Cras pellentesque volutpat dui.,
253,172,2014-03-10 15:31:24,"Proin leo odio, porttitor id, consequat in, consequat ut, nulla. Sed accumsan felis.",
254,52,2014-05-19 23:00:54,"Sed sagittis. Nam congue, risus semper porta volutpat, quam pede lobortis ligula, sit amet eleifend pede libero quis orci. Nullam molestie nibh in lectus.",
255,333,2014-04-09 04:51:59,"Praesent blandit. Nam nulla. Integer pede justo, lacinia eget, tincidunt eget, tempus vel, pede.",
256,302,2014-03-31 14:52:55,Quisque id justo sit amet sapien dignissim vestibulum.,
257,422,2014-01-02 02:59:34,"Duis bibendum, felis sed interdum venenatis, turpis enim blandit mi, in porttitor pede justo eu massa.",
258,347,2014-01-26 11:58:30,Nulla tempus. Vivamus in felis eu sapien cursus vestibulum.,
259,56,2014-04-23 18:22:17,"Morbi ut odio. Cras mi pede, malesuada in, imperdiet et, commodo vulputate, justo.",
260,439,2014-02-02 06:58:14,Mauris sit amet eros.,
261,322,2014-05-11 02:21:09,Duis mattis egestas metus.,
262,384,2014-01-05 09:45:52,Ut at dolor quis odio consequat varius.,
263,326,2014-05-25 10:59:40,Nullam molestie nibh in lectus.,
264,175,2014-02-21 02:58:31,Morbi non lectus.,
265,91,2014-01-11 00:12:38,"Fusce congue, diam id ornare imperdiet, sapien urna pretium nisl, ut volutpat sapien arcu sed augue. Aliquam erat volutpat.",
266,260,2014-03-16 21:36:57,"Proin at turpis a pede posuere nonummy. Integer non velit. Donec diam neque, vestibulum eget, vulputate ut, ultrices vel, augue.",
267,419,2014-04-23 05:43:23,Cras non velit nec nisi vulputate nonummy. Maecenas tincidunt lacus at velit.,
268,398,2014-02-20 12:28:46,Nullam molestie nibh in lectus. Pellentesque at nulla.,
269,15,2014-03-12 09:12:16,"In tempor, turpis nec euismod scelerisque, quam turpis adipiscing lorem, vitae mattis nibh ligula nec sem.",
270,98,2014-03-13 15:14:59,"Donec diam neque, vestibulum eget, vulputate ut, ultrices vel, augue. Vestibulum ante ipsum primis in faucibus orci luctus et ultrices posuere cubilia Curae; Donec pharetra, magna vestibulum aliquet ultrices, erat tortor sollicitudin mi, sit amet lobortis sapien sapien non mi.",
271,235,2014-05-21 22:10:12,Vivamus vel nulla eget eros elementum pellentesque. Quisque porta volutpat erat.,
272,36,2014-04-16 08:56:19,Vestibulum ante ipsum primis in faucibus orci luctus et ultrices posuere cubilia Curae; Mauris viverra diam vitae quam. Suspendisse potenti. Nullam porttitor lacus at turpis.,
273,25,2014-01-25 04:07:12,Pellentesque viverra pede ac diam.,
274,227,2014-02-13 05:04:30,Phasellus in felis. Donec semper sapien a libero. Nam dui.,
275,310,2014-02-11 12:23:40,Nulla tempus. Vivamus in felis eu sapien cursus vestibulum. Proin eu mi.,
276,457,2014-01-12 23:13:22,"Duis at velit eu est congue elementum. In hac habitasse platea dictumst. Morbi vestibulum, velit id pretium iaculis, diam erat fermentum justo, nec condimentum neque sapien placerat ante.",
277,54,2014-01-31 09:19:31,Maecenas tincidunt lacus at velit. Vivamus vel nulla eget eros elementum pellentesque.,
278,398,2014-03-11 21:53:48,Ut at dolor quis odio consequat varius. Integer ac leo.,
279,437,2014-05-26 13:41:49,"Donec vitae nisi. Nam ultrices, libero non mattis pulvinar, nulla pede ullamcorper augue, a suscipit nulla elit ac nulla. Sed vel enim sit amet nunc viverra dapibus.",
280,302,2014-03-14 12:23:18,Pellentesque at nulla. Suspendisse potenti. Cras in purus eu magna vulputate luctus.,
281,266,2014-05-31 10:32:35,"Phasellus id sapien in sapien iaculis congue. Vivamus metus arcu, adipiscing molestie, hendrerit at, vulputate vitae, nisl. Aenean lectus.",
282,259,2014-05-01 07:28:10,Quisque porta volutpat erat.,
283,452,2014-04-26 15:57:12,"Aenean sit amet justo. Morbi ut odio. Cras mi pede, malesuada in, imperdiet et, commodo vulputate, justo.",
284,325,2014-03-20 04:44:46,"Lorem ipsum dolor sit amet, consectetuer adipiscing elit.",
285,403,2014-04-10 19:53:41,Ut at dolor quis odio consequat varius.,
286,125,2014-01-18 06:57:45,Etiam faucibus cursus urna. Ut tellus. Nulla ut erat id mauris vulputate elementum.,
287,199,2014-01-21 01:32:05,"Cum sociis natoque penatibus et magnis dis parturient montes, nascetur ridiculus mus. Vivamus vestibulum sagittis sapien. Cum sociis natoque penatibus et magnis dis parturient montes, nascetur ridiculus mus.",
288,290,2014-01-13 04:22:07,"Curabitur gravida nisi at nibh. In hac habitasse platea dictumst. Aliquam augue quam, sollicitudin vitae, consectetuer eget, rutrum at, lorem.",
289,491,2014-02-26 07:54:13,Vivamus vel nulla eget eros elementum pellentesque.,
290,465,2014-04-17 06:33:40,Curabitur gravida nisi at nibh. In hac habitasse platea dictumst.,
291,408,2014-04-20 00:43:09,In blandit ultrices enim.,
292,160,2014-02-19 01:04:11,Aenean lectus. Pellentesque eget nunc. Donec quis orci eget orci vehicula condimentum.,
293,33,2014-04-24 09:47:26,Suspendisse potenti. Nullam porttitor lacus at turpis.,
294,170,2014-03-24 09:25:20,Etiam vel augue.,
295,225,2014-01-19 04:18:59,Nulla tempus.,
296,443,2014-01-09 03:14:52,"Fusce lacus purus, aliquet at, feugiat non, pretium quis, lectus.",
297,269,2014-05-23 16:01:59,Nulla facilisi. Cras non velit nec nisi vulputate nonummy.,
298,57,2014-05-18 12:19:35,"Nam ultrices, libero non mattis pulvinar, nulla pede ullamcorper augue, a suscipit nulla elit ac nulla. Sed vel enim sit amet nunc viverra dapibus. Nulla suscipit ligula in lacus.",
299,310,2014-05-04 21:16:45,"Cum sociis natoque penatibus et magnis dis parturient montes, nascetur ridiculus mus. Etiam vel augue.",
300,153,2014-01-04 13:37:46,"Mauris enim leo, rhoncus sed, vestibulum sit amet, cursus id, turpis. Integer aliquet, massa id lobortis convallis, tortor risus dapibus augue, vel accumsan tellus nisi eu orci. Mauris lacinia sapien quis libero.",
301,403,2014-05-28 02:20:19,"Curabitur in libero ut massa volutpat convallis. Morbi odio odio, elementum eu, interdum eu, tincidunt in, leo. Maecenas pulvinar lobortis est.",
302,299,2014-02-25 05:30:24,Donec quis orci eget orci vehicula condimentum. Curabitur in libero ut massa volutpat convallis.,
303,288,2014-04-28 09:34:10,"Praesent blandit. Nam nulla. Integer pede justo, lacinia eget, tincidunt eget, tempus vel, pede.",
304,40,2014-01-15 12:26:23,Etiam justo.,
305,122,2014-04-22 20:06:27,Maecenas ut massa quis augue luctus tincidunt. Nulla mollis molestie lorem.,
306,231,2014-01-06 00:15:48,Morbi non quam nec dui luctus rutrum. Nulla tellus. In sagittis dui vel nisl.,
307,271,2014-01-30 04:21:02,Aliquam quis turpis eget elit sodales scelerisque.,
308,343,2014-03-05 22:35:32,Morbi ut odio.,
309,421,2014-05-12 01:22:11,"Fusce posuere felis sed lacus. Morbi sem mauris, laoreet ut, rhoncus aliquet, pulvinar sed, nisl. Nunc rhoncus dui vel sem.",
310,24,2014-02-01 00:37:41,Nulla ac enim.,
311,399,2014-03-16 23:47:25,Aliquam erat volutpat.,
312,476,2014-04-21 17:26:45,"Nullam orci pede, venenatis non, sodales sed, tincidunt eu, felis.",
313,246,2014-03-17 11:33:23,Nulla mollis molestie lorem. Quisque ut erat. Curabitur gravida nisi at nibh.,
314,17,2014-02-05 20:03:48,Suspendisse potenti.,
315,289,2014-05-26 16:53:40,"Donec vitae nisi. Nam ultrices, libero non mattis pulvinar, nulla pede ullamcorper augue, a suscipit nulla elit ac nulla. Sed vel enim sit amet nunc viverra dapibus.",
316,216,2014-04-09 04:27:23,"Lorem ipsum dolor sit amet, consectetuer adipiscing elit. Proin interdum mauris non ligula pellentesque ultrices.",
317,301,2014-01-23 02:52:15,"Nulla ac enim. In tempor, turpis nec euismod scelerisque, quam turpis adipiscing lorem, vitae mattis nibh ligula nec sem.",
318,244,2014-04-12 02:33:29,Proin eu mi.,
319,46,2014-05-07 01:18:03,Aenean sit amet justo. Morbi ut odio.,
320,200,2014-01-19 07:18:10,Pellentesque at nulla. Suspendisse potenti.,
321,323,2014-04-23 18:14:50,Maecenas tincidunt lacus at velit. Vivamus vel nulla eget eros elementum pellentesque. Quisque porta volutpat erat.,
322,295,2014-03-19 07:26:21,Integer ac neque. Duis bibendum. Morbi non quam nec dui luctus rutrum.,
323,199,2014-03-29 10:05:47,"Fusce posuere felis sed lacus. Morbi sem mauris, laoreet ut, rhoncus aliquet, pulvinar sed, nisl. Nunc rhoncus dui vel sem.",
324,405,2014-01-19 22:56:50,Duis mattis egestas metus. Aenean fermentum.,
325,141,2014-04-13 20:58:10,Maecenas tincidunt lacus at velit. Vivamus vel nulla eget eros elementum pellentesque. Quisque porta volutpat erat.,
326,388,2014-01-13 12:01:02,"Morbi quis tortor id nulla ultrices aliquet. Maecenas leo odio, condimentum id, luctus nec, molestie sed, justo.",
327,489,2014-04-11 23:32:19,Proin at turpis a pede posuere nonummy.,
328,393,2014-02-25 20:35:10,Ut tellus.,
329,442,2014-03-30 00:42:16,"Morbi sem mauris, laoreet ut, rhoncus aliquet, pulvinar sed, nisl. Nunc rhoncus dui vel sem.",
330,115,2014-05-11 20:35:25,"Duis ac nibh. Fusce lacus purus, aliquet at, feugiat non, pretium quis, lectus. Suspendisse potenti.",
331,64,2014-02-15 10:21:17,"Donec odio justo, sollicitudin ut, suscipit a, feugiat et, eros. Vestibulum ac est lacinia nisi venenatis tristique.",
332,235,2014-04-27 18:04:30,Duis bibendum. Morbi non quam nec dui luctus rutrum. Nulla tellus.,
333,398,2014-02-06 15:33:53,"Maecenas tristique, est et tempus semper, est quam pharetra magna, ac consequat metus sapien ut nunc.",
334,50,2014-02-23 16:19:43,Phasellus in felis. Donec semper sapien a libero. Nam dui.,
335,149,2014-02-02 06:06:29,Duis aliquam convallis nunc. Proin at turpis a pede posuere nonummy. Integer non velit.,
336,98,2014-04-15 17:08:45,"Vivamus vestibulum sagittis sapien. Cum sociis natoque penatibus et magnis dis parturient montes, nascetur ridiculus mus.",
337,234,2014-05-15 20:14:31,Donec dapibus.,
338,268,2014-01-22 01:55:32,"In hac habitasse platea dictumst. Aliquam augue quam, sollicitudin vitae, consectetuer eget, rutrum at, lorem. Integer tincidunt ante vel ipsum.",
339,310,2014-05-03 21:24:03,Donec posuere metus vitae ipsum. Aliquam non mauris. Morbi non lectus.,
340,319,2014-01-25 06:17:38,"Nunc rhoncus dui vel sem. Sed sagittis. Nam congue, risus semper porta volutpat, quam pede lobortis ligula, sit amet eleifend pede libero quis orci.",
341,271,2014-02-18 03:09:21,Ut tellus. Nulla ut erat id mauris vulputate elementum.,
342,299,2014-05-18 19:43:46,Curabitur convallis. Duis consequat dui nec nisi volutpat eleifend.,
343,314,2014-02-16 01:55:55,Praesent id massa id nisl venenatis lacinia. Aenean sit amet justo. Morbi ut odio.,
344,204,2014-01-13 22:47:56,Sed ante.,
345,211,2014-04-26 05:22:44,Etiam vel augue. Vestibulum rutrum rutrum neque.,
346,308,2014-01-30 14:21:26,Etiam vel augue. Vestibulum rutrum rutrum neque.,
347,441,2014-01-03 20:08:39,Suspendisse potenti.,
348,375,2014-04-14 03:45:48,Aenean lectus. Pellentesque eget nunc. Donec quis orci eget orci vehicula condimentum.,
349,351,2014-03-10 12:26:20,Sed accumsan felis.,
350,16,2014-03-27 13:02:33,Nullam sit amet turpis elementum ligula vehicula consequat. Morbi a ipsum. Integer a nibh.,
351,183,2014-04-19 07:03:23,Suspendisse potenti.,
352,357,2014-01-05 00:24:43,"Fusce lacus purus, aliquet at, feugiat non, pretium quis, lectus. Suspendisse potenti.",
353,308,2014-02-03 18:26:09,Aenean sit amet justo. Morbi ut odio.,
354,294,2014-03-19 21:22:39,"Cum sociis natoque penatibus et magnis dis parturient montes, nascetur ridiculus mus.",
355,20,2014-01-07 08:50:11,Cras in purus eu magna vulputate luctus.,
356,269,2014-01-09 14:08:06,Duis consequat dui nec nisi volutpat eleifend.,
357,246,2014-02-22 19:34:18,Nam nulla.,
358,253,2014-04-14 07:15:34,In congue. Etiam justo.,
359,247,2014-03-04 12:14:44,Vivamus tortor.,
360,462,2014-04-30 18:13:14,Phasellus sit amet erat.,
361,271,2014-01-24 14:09:15,"Vestibulum quam sapien, varius ut, blandit non, interdum in, ante.",
362,330,2014-01-25 05:39:50,Duis mattis egestas metus. Aenean fermentum. Donec ut mauris eget massa tempor convallis.,
363,384,2014-03-04 09:29:01,"Donec quis orci eget orci vehicula condimentum. Curabitur in libero ut massa volutpat convallis. Morbi odio odio, elementum eu, interdum eu, tincidunt in, leo.",
364,499,2014-04-25 06:54:46,"Cum sociis natoque penatibus et magnis dis parturient montes, nascetur ridiculus mus. Etiam vel augue. Vestibulum rutrum rutrum neque.",
365,240,2014-03-21 09:55:01,Vivamus vel nulla eget eros elementum pellentesque. Quisque porta volutpat erat.,
366,22,2014-01-09 11:48:57,"Praesent lectus. Vestibulum quam sapien, varius ut, blandit non, interdum in, ante. Vestibulum ante ipsum primis in faucibus orci luctus et ultrices posuere cubilia Curae; Duis faucibus accumsan odio.",
367,308,2014-03-20 00:26:49,Praesent blandit. Nam nulla.,
368,55,2014-03-21 16:32:37,Vestibulum sed magna at nunc commodo placerat. Praesent blandit.,
369,162,2014-04-12 20:32:36,"Mauris enim leo, rhoncus sed, vestibulum sit amet, cursus id, turpis. Integer aliquet, massa id lobortis convallis, tortor risus dapibus augue, vel accumsan tellus nisi eu orci.",
370,486,2014-04-06 02:17:28,Pellentesque viverra pede ac diam. Cras pellentesque volutpat dui.,
371,163,2014-02-13 01:56:19,Suspendisse potenti. In eleifend quam a odio.,
372,461,2014-02-09 13:33:01,"Vivamus metus arcu, adipiscing molestie, hendrerit at, vulputate vitae, nisl. Aenean lectus. Pellentesque eget nunc.",
373,454,2014-05-04 14:48:30,Nulla ac enim.,
374,240,2014-04-17 23:46:01,Donec posuere metus vitae ipsum. Aliquam non mauris. Morbi non lectus.,
375,492,2014-01-18 02:14:42,"Donec odio justo, sollicitudin ut, suscipit a, feugiat et, eros. Vestibulum ac est lacinia nisi venenatis tristique.",
376,404,2014-01-11 05:11:39,Duis mattis egestas metus.,
377,279,2014-02-02 22:15:52,Phasellus sit amet erat. Nulla tempus. Vivamus in felis eu sapien cursus vestibulum.,
378,112,2014-04-27 10:50:18,Morbi vel lectus in quam fringilla rhoncus.,
379,61,2014-01-21 11:23:04,Morbi non lectus. Aliquam sit amet diam in magna bibendum imperdiet.,
380,177,2014-03-16 09:02:57,Nulla suscipit ligula in lacus. Curabitur at ipsum ac tellus semper interdum. Mauris ullamcorper purus sit amet nulla.,
381,350,2014-03-17 09:10:48,"Nam congue, risus semper porta volutpat, quam pede lobortis ligula, sit amet eleifend pede libero quis orci.",
382,289,2014-03-23 05:53:39,Proin risus. Praesent lectus.,
383,91,2014-02-05 12:11:38,"Proin leo odio, porttitor id, consequat in, consequat ut, nulla.",
384,440,2014-02-10 10:35:05,"Lorem ipsum dolor sit amet, consectetuer adipiscing elit. Proin interdum mauris non ligula pellentesque ultrices.",
385,187,2014-03-19 19:52:55,"Cras mi pede, malesuada in, imperdiet et, commodo vulputate, justo. In blandit ultrices enim.",
386,290,2014-01-27 12:39:01,Nulla tellus. In sagittis dui vel nisl. Duis ac nibh.,
387,462,2014-03-17 03:03:08,Praesent blandit. Nam nulla.,
388,90,2014-05-12 14:01:40,Pellentesque eget nunc.,
389,17,2014-01-22 12:07:19,Suspendisse potenti. In eleifend quam a odio. In hac habitasse platea dictumst.,
390,461,2014-02-07 21:12:11,"Nam dui. Proin leo odio, porttitor id, consequat in, consequat ut, nulla. Sed accumsan felis.",
391,309,2014-02-05 05:01:31,Nullam molestie nibh in lectus. Pellentesque at nulla.,
392,21,2014-04-12 07:18:33,Vivamus vestibulum sagittis sapien.,
393,21,2014-03-19 16:03:48,Nunc purus. Phasellus in felis.,
394,414,2014-02-09 22:51:56,Praesent blandit lacinia erat. Vestibulum sed magna at nunc commodo placerat.,
395,308,2014-02-17 23:40:51,Maecenas ut massa quis augue luctus tincidunt.,
396,1,2014-04-25 01:58:34,Nullam varius.,
397,270,2014-05-17 04:56:52,Nulla ac enim.,
398,289,2014-02-21 19:54:24,Ut at dolor quis odio consequat varius. Integer ac leo.,
399,21,2014-03-05 01:34:54,Integer ac neque. Duis bibendum. Morbi non quam nec dui luctus rutrum.,
400,236,2014-02-12 22:07:10,"Quisque arcu libero, rutrum ac, lobortis vel, dapibus at, diam. Nam tristique tortor eu pede.",
401,396,2014-04-08 03:11:34,Integer ac neque.,
402,297,2014-04-27 17:03:31,"Morbi vestibulum, velit id pretium iaculis, diam erat fermentum justo, nec condimentum neque sapien placerat ante. Nulla justo.",
403,297,2014-04-12 10:11:09,Suspendisse ornare consequat lectus.,
404,220,2014-03-08 18:55:48,"In hac habitasse platea dictumst. Morbi vestibulum, velit id pretium iaculis, diam erat fermentum justo, nec condimentum neque sapien placerat ante.",
405,171,2014-05-15 18:16:05,Vivamus tortor. Duis mattis egestas metus.,
406,387,2014-05-05 19:44:20,Fusce consequat. Nulla nisl. Nunc nisl.,
407,229,2014-03-15 20:38:48,Integer ac neque. Duis bibendum.,
408,361,2014-04-23 13:33:52,Nulla tempus. Vivamus in felis eu sapien cursus vestibulum. Proin eu mi.,
409,54,2014-05-16 00:59:08,Integer ac leo. Pellentesque ultrices mattis odio.,
410,382,2014-03-11 19:28:51,Integer a nibh.,
411,281,2014-04-09 08:58:29,Suspendisse potenti. In eleifend quam a odio.,
412,193,2014-05-20 19:10:00,Fusce consequat.,
413,412,2014-05-29 12:02:23,Vestibulum ante ipsum primis in faucibus orci luctus et ultrices posuere cubilia Curae; Mauris viverra diam vitae quam. Suspendisse potenti. Nullam porttitor lacus at turpis.,
414,146,2014-05-30 15:08:52,Pellentesque at nulla. Suspendisse potenti. Cras in purus eu magna vulputate luctus.,
415,180,2014-01-20 11:51:27,"Morbi odio odio, elementum eu, interdum eu, tincidunt in, leo.",
416,373,2014-04-12 15:58:43,Morbi non quam nec dui luctus rutrum. Nulla tellus. In sagittis dui vel nisl.,
417,344,2014-05-22 11:25:51,Suspendisse potenti. Nullam porttitor lacus at turpis. Donec posuere metus vitae ipsum.,
418,187,2014-05-18 16:06:44,Pellentesque ultrices mattis odio. Donec vitae nisi.,
419,76,2014-05-11 21:42:16,Sed accumsan felis.,
420,11,2014-04-22 04:48:59,Vivamus vel nulla eget eros elementum pellentesque.,
421,71,2014-05-29 02:52:13,Etiam pretium iaculis justo.,
422,56,2014-02-03 02:12:28,"Lorem ipsum dolor sit amet, consectetuer adipiscing elit. Proin risus.",
423,314,2014-04-15 22:54:42,"In hac habitasse platea dictumst. Aliquam augue quam, sollicitudin vitae, consectetuer eget, rutrum at, lorem. Integer tincidunt ante vel ipsum.",
424,315,2014-05-04 00:26:23,Praesent blandit.,
425,455,2014-04-16 06:03:53,Nulla ut erat id mauris vulputate elementum.,
426,401,2014-05-18 23:07:48,Cras pellentesque volutpat dui.,
427,273,2014-02-23 07:57:22,Etiam faucibus cursus urna. Ut tellus.,
428,369,2014-05-01 14:22:52,Proin eu mi.,
429,257,2014-03-14 22:46:21,"Nam ultrices, libero non mattis pulvinar, nulla pede ullamcorper augue, a suscipit nulla elit ac nulla. Sed vel enim sit amet nunc viverra dapibus. Nulla suscipit ligula in lacus.",
430,232,2014-01-16 00:16:14,"Maecenas leo odio, condimentum id, luctus nec, molestie sed, justo. Pellentesque viverra pede ac diam. Cras pellentesque volutpat dui.",
431,370,2014-04-04 15:31:44,Nulla ut erat id mauris vulputate elementum.,
432,318,2014-01-09 02:27:55,"Donec vitae nisi. Nam ultrices, libero non mattis pulvinar, nulla pede ullamcorper augue, a suscipit nulla elit ac nulla.",
433,381,2014-05-23 09:49:24,Morbi porttitor lorem id ligula. Suspendisse ornare consequat lectus.,
434,384,2014-02-19 05:59:53,"Duis ac nibh. Fusce lacus purus, aliquet at, feugiat non, pretium quis, lectus. Suspendisse potenti.",
435,487,2014-01-05 03:26:18,Morbi non lectus. Aliquam sit amet diam in magna bibendum imperdiet.,
436,479,2014-02-28 23:39:35,"Lorem ipsum dolor sit amet, consectetuer adipiscing elit. Proin interdum mauris non ligula pellentesque ultrices.",
437,223,2014-05-13 17:48:14,"Cum sociis natoque penatibus et magnis dis parturient montes, nascetur ridiculus mus. Vivamus vestibulum sagittis sapien.",
438,22,2014-03-08 07:45:31,Duis bibendum. Morbi non quam nec dui luctus rutrum. Nulla tellus.,
439,118,2014-03-22 12:56:37,"Cum sociis natoque penatibus et magnis dis parturient montes, nascetur ridiculus mus.",
440,150,2014-03-05 14:49:27,"Fusce congue, diam id ornare imperdiet, sapien urna pretium nisl, ut volutpat sapien arcu sed augue. Aliquam erat volutpat.",
441,102,2014-05-21 06:44:19,Etiam faucibus cursus urna.,
442,9,2014-02-10 12:40:16,Vivamus vel nulla eget eros elementum pellentesque.,
443,110,2014-03-30 11:57:33,"Nam congue, risus semper porta volutpat, quam pede lobortis ligula, sit amet eleifend pede libero quis orci. Nullam molestie nibh in lectus.",
444,442,2014-01-23 12:28:57,Maecenas tincidunt lacus at velit.,
445,358,2014-04-08 17:47:01,"Cras pellentesque volutpat dui. Maecenas tristique, est et tempus semper, est quam pharetra magna, ac consequat metus sapien ut nunc. Vestibulum ante ipsum primis in faucibus orci luctus et ultrices posuere cubilia Curae; Mauris viverra diam vitae quam.",
446,25,2014-03-31 09:09:51,Fusce consequat.,
447,395,2014-05-26 05:17:14,Donec dapibus. Duis at velit eu est congue elementum.,
448,371,2014-04-04 06:21:03,"Lorem ipsum dolor sit amet, consectetuer adipiscing elit.",
449,402,2014-05-16 06:00:19,"Vivamus vel nulla eget eros elementum pellentesque. Quisque porta volutpat erat. Quisque erat eros, viverra eget, congue eget, semper rutrum, nulla.",
450,433,2014-01-12 08:26:46,"Lorem ipsum dolor sit amet, consectetuer adipiscing elit. Proin risus. Praesent lectus.",
451,35,2014-01-27 12:03:52,"Praesent blandit. Nam nulla. Integer pede justo, lacinia eget, tincidunt eget, tempus vel, pede.",
452,231,2014-02-26 23:04:10,"Nunc nisl. Duis bibendum, felis sed interdum venenatis, turpis enim blandit mi, in porttitor pede justo eu massa. Donec dapibus.",
453,85,2014-03-29 06:51:50,In hac habitasse platea dictumst. Etiam faucibus cursus urna.,
454,329,2014-02-12 19:59:39,Aenean lectus.,
455,32,2014-01-14 12:43:59,"Curabitur gravida nisi at nibh. In hac habitasse platea dictumst. Aliquam augue quam, sollicitudin vitae, consectetuer eget, rutrum at, lorem.",
456,69,2014-02-14 22:27:30,Nulla justo.,
457,379,2014-05-04 06:20:31,Suspendisse potenti.,
458,141,2014-05-25 20:18:37,Nulla justo. Aliquam quis turpis eget elit sodales scelerisque.,
459,307,2014-02-27 20:36:17,"Integer pede justo, lacinia eget, tincidunt eget, tempus vel, pede.",
460,386,2014-02-03 18:37:38,Nunc rhoncus dui vel sem.,
461,308,2014-01-08 20:40:05,"Proin risus. Praesent lectus. Vestibulum quam sapien, varius ut, blandit non, interdum in, ante.",
462,442,2014-03-01 17:22:30,"Vestibulum ante ipsum primis in faucibus orci luctus et ultrices posuere cubilia Curae; Nulla dapibus dolor vel est. Donec odio justo, sollicitudin ut, suscipit a, feugiat et, eros. Vestibulum ac est lacinia nisi venenatis tristique.",
463,457,2014-03-04 15:12:08,"Fusce lacus purus, aliquet at, feugiat non, pretium quis, lectus. Suspendisse potenti.",
464,343,2014-05-29 22:33:23,Etiam faucibus cursus urna.,
465,108,2014-04-10 22:22:10,"Fusce lacus purus, aliquet at, feugiat non, pretium quis, lectus. Suspendisse potenti.",
466,384,2014-03-01 10:36:36,Suspendisse potenti.,
467,281,2014-01-21 06:09:54,"Vivamus vestibulum sagittis sapien. Cum sociis natoque penatibus et magnis dis parturient montes, nascetur ridiculus mus.",
468,420,2014-05-11 14:43:45,Aliquam quis turpis eget elit sodales scelerisque. Mauris sit amet eros.,
469,285,2014-03-14 17:56:28,"Lorem ipsum dolor sit amet, consectetuer adipiscing elit. Proin risus.",
470,339,2014-05-12 23:36:40,Pellentesque eget nunc.,
471,5,2014-03-14 11:21:29,Morbi vel lectus in quam fringilla rhoncus.,
472,7,2014-02-21 04:33:28,"Nam congue, risus semper porta volutpat, quam pede lobortis ligula, sit amet eleifend pede libero quis orci. Nullam molestie nibh in lectus.",
473,490,2014-03-28 02:25:55,Mauris lacinia sapien quis libero. Nullam sit amet turpis elementum ligula vehicula consequat.,
474,350,2014-01-22 06:45:43,Integer ac neque.,
475,320,2014-03-11 16:34:50,Duis consequat dui nec nisi volutpat eleifend. Donec ut dolor.,
476,356,2014-04-30 12:24:07,In blandit ultrices enim.,
477,106,2014-02-27 12:43:30,Duis at velit eu est congue elementum. In hac habitasse platea dictumst.,
478,381,2014-03-26 01:13:13,"Donec diam neque, vestibulum eget, vulputate ut, ultrices vel, augue.",
479,253,2014-03-20 00:28:21,Duis bibendum. Morbi non quam nec dui luctus rutrum. Nulla tellus.,
480,403,2014-03-28 00:53:07,"Phasellus id sapien in sapien iaculis congue. Vivamus metus arcu, adipiscing molestie, hendrerit at, vulputate vitae, nisl. Aenean lectus.",
481,304,2014-05-12 02:26:52,Praesent blandit lacinia erat. Vestibulum sed magna at nunc commodo placerat. Praesent blandit.,
482,423,2014-04-04 13:10:58,Aliquam non mauris.,
483,115,2014-01-12 02:14:42,Maecenas pulvinar lobortis est.,
484,311,2014-02-02 19:34:16,Aenean fermentum. Donec ut mauris eget massa tempor convallis.,
485,378,2014-03-09 11:20:19,Integer a nibh. In quis justo. Maecenas rhoncus aliquam lacus.,
486,397,2014-05-21 12:24:07,"Curabitur gravida nisi at nibh. In hac habitasse platea dictumst. Aliquam augue quam, sollicitudin vitae, consectetuer eget, rutrum at, lorem.",
487,271,2014-01-30 23:15:44,"Aenean fermentum. Donec ut mauris eget massa tempor convallis. Nulla neque libero, convallis eget, eleifend luctus, ultricies eu, nibh.",
488,121,2014-03-01 12:41:21,Phasellus in felis. Donec semper sapien a libero. Nam dui.,
489,106,2014-04-14 09:58:29,"Proin risus. Praesent lectus. Vestibulum quam sapien, varius ut, blandit non, interdum in, ante.",
490,318,2014-04-22 08:58:56,"Lorem ipsum dolor sit amet, consectetuer adipiscing elit. Proin interdum mauris non ligula pellentesque ultrices. Phasellus id sapien in sapien iaculis congue.",
491,119,2014-05-09 16:46:23,Cras non velit nec nisi vulputate nonummy. Maecenas tincidunt lacus at velit.,
492,373,2014-05-08 12:31:20,"Fusce posuere felis sed lacus. Morbi sem mauris, laoreet ut, rhoncus aliquet, pulvinar sed, nisl.",
493,435,2014-01-30 15:07:30,"Quisque id justo sit amet sapien dignissim vestibulum. Vestibulum ante ipsum primis in faucibus orci luctus et ultrices posuere cubilia Curae; Nulla dapibus dolor vel est. Donec odio justo, sollicitudin ut, suscipit a, feugiat et, eros.",
494,315,2014-01-13 12:33:20,Morbi porttitor lorem id ligula. Suspendisse ornare consequat lectus.,
495,275,2014-03-07 19:47:12,"Maecenas leo odio, condimentum id, luctus nec, molestie sed, justo. Pellentesque viverra pede ac diam.",
496,78,2014-01-25 14:08:27,Maecenas pulvinar lobortis est. Phasellus sit amet erat.,
497,277,2014-01-28 10:40:21,Duis bibendum. Morbi non quam nec dui luctus rutrum. Nulla tellus.,
498,310,2014-04-28 13:06:51,Duis aliquam convallis nunc. Proin at turpis a pede posuere nonummy.,
499,179,2014-05-08 05:19:05,Praesent blandit lacinia erat. Vestibulum sed magna at nunc commodo placerat.,
500,313,2014-01-31 14:43:21,Maecenas pulvinar lobortis est. Phasellus sit amet erat.,